{
  "usuarios": [
    {
      "nome": "Admnistrador",
      "email": "admin@gmail.com",
      "senha": "123",
      "tipo": "Administrador",
      "imagemUrl": "https://i.ytimg.com/vi/mMxBYLbyWLw/hq2.jpg?sqp=-oaymwEoCOADEOgC8quKqQMcGADwAQH4AYYCgALgA4oCDAgAEAEYRyBLKHIwDw==&rs=AOn4CLC1G7W20xNWxDV1ozQlQe2Tyns_5g",
      "id": "1"
    },
    {
      "id": "2",
      "nome": "Gerente",
      "email": "gerente18@gmail.com",
      "senha": "123",
      "tipo": "gerente",
      "imagemUrl": "https://i.pinimg.com/736x/c5/ff/57/c5ff57e4b118ef87bae340068123cbe7.jpg"
    },
    {
      "id": "3",
      "nome": "Funcionário",
      "email": "funcionario@gmail.com",
      "senha": "12",
      "tipo": "Funcionário",
      "imagemUrl": "https://i.pinimg.com/736x/b2/79/44/b2794415016ee72dcf75fdc904a3c7f5.jpg"
    }
  ],
  "produtos": [],
  "funcionarios": [
    {
      "id": "a7cc",
      "nome_funcionario": "Joao",
      "cpf": "175.784.637-99",
      "telefone": "27995026326",
      "email": "joao@gmail.com",
      "departamento": "RH",
      "fotoUrl": "https://s2-galileu.glbimg.com/uNEmxS89cbcamZwvIpRCkWquGwI=/0x0:1386x888/888x0/smart/filters:strip_icc()/i.s3.glbimg.com/v1/AUTH_fde5cd494fb04473a83fa5fd57ad4542/internal_photos/bs/2023/m/e/F8xdjfQDGBUXCLqg7oMw/21.jpg"
    },
    {
      "id": "ccf9",
      "nome_funcionario": "Jubscreudi",
      "cpf": "178.854.684-99",
      "telefone": "2799856326",
      "email": "jubscreudi@gmail.com",
      "departamento": "RH",
      "cargo": "Assistente",
      "fotoUrl": "https://th.bing.com/th/id/R.2196f16c9be19ff73c37d70bbc6b0b0a?rik=cPkgcXn%2bxRqrXQ&pid=ImgRaw&r=0"
    },
    {
      "id": "0358",
      "nome_funcionario": "Marcos",
      "cpf": "845.687.987-22",
      "telefone": "27995026326",
      "email": "marcosvinicius@gmail.com",
      "departamento": "RH",
      "cargo": "Auxiliar",
      "fotoUrl": "https://tse3.mm.bing.net/th/id/OIP.z2gsKlG9_QisRa7O6paelAHaEK?rs=1&pid=ImgDetMain&o=7&rm=3"
    }
  ],
  "categorias": [
    {
      "id": "1",
      "nome": "Saúde e Beleza"
    }
  ],
  "departamentos": [
    {
      "id": "1",
      "nome": "RH"
    }
  ]
}